人物名称,性别,关键字,初遇地点,外观,女性魅力,外观特征,穿衣习惯(外),穿衣习惯(内),性格特征,常用法宝类型
白羽弦,女,白羽弦、聆风斋、回音谷、鲸髓城,聆风斋、回音谷、鲸髓城,御姐,修长玉颈、纤纤葱指、清雅气韵,墨发盘髻素玉簪、淡紫眸、肤白胜玉,月白广袖琴袍、露肩齐胸、薄纱披帛、玉簪、云履,白绫齐胸、蕾丝内裙、素纱睡袍,底色：心怀慈悲、把抚琴当治病救人、看人受苦比自己还难受。 辅色1：完美主义；半个错音便坐立难安、能反复练同一节到天明。 辅色2：护短；表面温和、谁污蔑她门下或欺凌弱者她翻脸最快。,琴、瓶、丝线、铃铛
林幽笛,女,林幽笛、聆风斋、锦绣城、黑松针叶林,聆风斋、锦绣城、黑松针叶林,御姐,樱唇朱艳、蜂腰、酥手,乌发垂腰、丹凤眸、唇红如朱,玄青露脐紧身笛袍、高开叉、玉笛佩腰、绣靴,网纱托胸、缎带阴贴、薄纱睡袍,底色：喜欢看人心变化、用笛声引人入梦让对方自己看清自己。 辅色1：玩味；吹笛时眼底常带笑意、像在等人露马脚。 辅色2：重情；师姐妹有事她会丢笛执剑挡在最前面。,笛、剑、粉末、面具
诸葛巧,女,诸葛巧、千机门、烬阳城、锦绣城,千机门、烬阳城、锦绣城,少女,巧手灵指、伶俐眉眼,栗短发齐颈、机巧护目镜、左眼下一痣,露脐紧身半甲劲装、短裤、工具腰带、绑腿、绣靴,系带式文胸、低腰内裤、短袜,底色：相信机巧能解一切难题、解不开的事不过是算力还不够。 辅色1：抠门；做生意锱铢必较、连半枚灵石都要争。 辅色2：仗义；看顺眼的人她肯赔本卖法宝、绕远路也要帮。,弩箭、机巧盒、沙漏、锁
莲华·罗刹母,女,莲华、罗刹母、千骨陉血池、苍狼草海、黑松针叶林,千骨陉血池、苍狼草海、黑松针叶林,御姐,丰胸细腰翘臀、肌肤如脂、肉感四溢,绛红长发披散、血色唇、胸口血莲刺青,暗红半透血莲长袍、深开胸领、高开叉、脚链,红绫缎带、阴贴、几近赤裸,底色：欲望就是真我、世间戒律是装出来的体面、不必当真。 辅色1：放纵；衣不蔽体、欲望来了不掩饰也不脸红。 辅色2：克制；越是放纵反而越冷静、从不让欲望主宰决断。,鞭、爪子、花、丝带
镜寒空,女,镜寒空、盐镜社、千镜盐泽、烬阳城,盐镜社、千镜盐泽、烬阳城,御姐,瓜子脸、玲珑身段、神秘吸引力,银发齐肩、银瞳、额心一缕白霜,灰白广袖薄纱长袍、露肩侧开襟、镜片腰链、云履,灰纱网纱托胸、蕾丝低腰、素纱睡袍,底色：人事不过镜里倒影、看穿因果是她唯一的乐趣。 辅色1：胆怯；算别人头头是道、唯独不敢算自己。 辅色2：心软；落魄旅人来求卦、她常分文不取送一卦。,镜、龟板、沙漏、棋盘
萧凝月,女,萧凝月、鲸髓城王宫、雪松峡湾、海骨港,鲸髓城王宫、雪松峡湾、海骨港,少女,雪肤樱唇、清丽端庄、玉颈,乌发盘髻、碧海眸、额贴海玉钿,海蓝绣鳞露肩宫装、珍珠披帛、凤钗、水晶鞋,白绫齐胸、缎带内裙、雪纱睡袍,底色：自觉皇室生来就欠百姓的、锦衣玉食要用本事还回去。 辅色1：崇拜；把献身将士当偶像、敬得比皇兄王姐还重。 辅色2：向往；宫规太严、见到江湖侠客眼睛亮得藏不住。,剑、扇、镜、铃铛
萧汐澜,女,萧汐澜、海骨港、北无尽海近岸、极光神殿,海骨港、北无尽海近岸、极光神殿,御姐,长腿英姿、麦色健康肤,黑发束高马尾、琥珀眸、左眉一道海寇旧伤,深蓝露脐紧身海军劲装、铜甲护肩、短裙、过膝靴,系带式文胸、低腰内裤、过膝袜,底色：女郎拿剑更狠、靠一身武艺替家国守住门户。 辅色1：好酒；每战之夜必痛饮三坛、从不掩饰。 辅色2：护妹；妹妹一句话她可以为之挡刀、连命都不犹豫。,剑、刀、弓箭、螺
顾流商,女,顾流商、聆风斋、回音谷、锦绣城,聆风斋、回音谷、锦绣城,少女,颀长腰肢、纤纤十指、举止含礼,黑长辫垂、温润眸、眉间含静,浅蓝露肩琴袍、白丝带束发、百褶裙、云履,白绫齐胸、缎带内裙、素白睡袍,底色：师承不能断在自己手里、把守住清音律当一辈子的事。 辅色1：守礼；待人温和、举手投足都不出格。 辅色2：苛己；总觉得自己琴音不及师、私下常练琴通宵。,琴、笛、丝线、扇
公输霁,女,公输霁、千机门、烬阳城、银沙落星漠,千机门、烬阳城、银沙落星漠,少女,灵动利落、修长腰,银灰短发齐颈、灰眸、面颊带油痕,灰布露脐半甲劲装、短裤、皮制工具腰带、绣靴,绷带文胸、低腰内裤、短袜,底色：相信机巧永远在进步、新械必胜旧械、前辈也要让位。 辅色1：嘴硬；当面吐槽师姐保守、私下抄了三十卷外务阁笔记。 辅色2：宅；对法宝远比对人热情、见铜屑灵铁眼神比见人都亮。,弩箭、机巧盒、钉、锯
颜晚晚,女,颜晚晚、烬阳城、沸泉地宫、黑曜火渊,烬阳城、沸泉地宫、黑曜火渊,御姐,丰润娇美、酥胸饱满、笑靥迷人,微卷棕发、丹凤眸带笑、眼角朱砂痣,茶色锦缎露肩商衣、高开叉、玉镯、绣靴,鲜艳锦缎乳贴肚兜、蕾丝低腰、薄纱睡袍,底色：丹商有丹商的良心、卖黑心丹的同行她见一家拆一家招牌。 辅色1：精算；笑着讨价还价、宰熟客一刀眨眼都不眨。 辅色2：记仇；对仇人下手极狠、能记一辈子。,扇、瓶、葫芦、镜
阿史那·乌兰,女,阿史那、乌兰、苍狼草海、苍狼汗国金帐、边境互市,苍狼草海、苍狼汗国金帐、边境互市,御姐,丰腴、长腿、健康麦肤,黑发编辫披肩、灰碧眸、额佩狼牙,狼皮披风、露脐金扣劲装、短裙、银饰马靴,系带式文胸、低腰内裤、过膝袜,底色：草原由狼神主宰、汗位和神意都在风沙日月之间。 辅色1：强势；身为汗后却很少温顺、议会上当庭驳斥老臣是常事。 辅色2：保守；对修仙术敬而远之、化神在她眼里也只是凡夫。,弓箭、鞭、刀、角
沙伊蕾,女,沙伊蕾、星陨堡、银沙落星漠、千镜盐泽,星陨堡、银沙落星漠、千镜盐泽,御姐,蛇腰美臀、肌肤如蜜,深栗卷长发、琥珀眸、耳坠金环,沙金露腹商服、面纱、高开叉、商刀别腰、脚链凉鞋,网纱乳贴、绑带阴贴、银铃腿带,底色：商道里没有敌我之分、刀光火并不过是另一种谈判方式。 辅色1：圆滑；能与三国敌商同帐而坐、谁也不掉脸面。 辅色2：戒备；腰间短刃日夜不离、连睡觉都压在枕下。,刀、匕首、袋子、铃铛
南宫雀,女,南宫雀、锦绣城、风雅古园、通济城,锦绣城、风雅古园、通济城,少女,灵动俏皮、樱唇含笑、纤细,黑发双髻、桃花眸、额心朱钿如雀,桃红露肩宫装、雀羽披帛、步摇、绣靴,缎带文胸、蕾丝内裙、罗袜,底色：小国要活下去、公主的本份就是灵巧躲过大鹰。 辅色1：俏皮；表面活泼爱闹、给人毫无心眼的错觉。 辅色2：藏锋；谈起和亲外交一句话不说错、私下偷练剑谱。,剑、扇、簪、羽毛
苏明霖,女,苏明霖、紫极真人、承天观、承天岳隐修洞、羲皇祖庙,承天观、承天岳隐修洞、羲皇祖庙,御姐,雍容端庄、修长仪态,黑发挽道髻、紫眸、眉间紫极符,紫缎广袖道袍、露肩侧开襟、白玉道冠、云履,白绫齐胸、蕾丝内裙、素白睡袍,底色：承天守一、祭祀之事关乎国运、半分差错都不能容。 辅色1：怀疑；对"天命"她暗存疑虑、却从未对外人提半字。 辅色2：慈爱；待门内年轻女道极宽厚、把她们当未及生的女儿。,剑、印、幡旗、钟
陆霜岚,女,陆霜岚、玉女宗、冰心湖、无垠雪山,玉女宗、冰心湖、无垠雪山,御姐,冷艳清贵、长身玉立、不染尘埃,银发垂腰、霜白眸、肌肤胜雪,雪青露肩曳地长裙、薄纱披帛、霜玉冠、云履,白绫齐胸、蕾丝内裙、月白薄纱,底色：忘情即至道、断爱去欲方能与天地同寿。 辅色1：自律；律己如冰、宁破自己也不破戒。 辅色2：旧情；表面无波、心底压着一段没说出口的情。,剑、簪、镜、丝带
清心,女,清心、玉女宗戒律堂、无垠雪山、西域官道,玉女宗戒律堂、无垠雪山、西域官道,御姐,端正身段、清冷气质,乌发高束马尾、清澈黑眸、面无脂粉,黑灰露脐戒律袍、束腰、戒尺别腰、绣靴,白绫齐胸、蕾丝内裤、过膝袜,底色：无情即无错、戒律就是护身符、离戒一步皆是迷途。 辅色1：刻板；执戒如执刀、宗主稍越界都敢当面驳回。 辅色2：私心；偷藏一本《九音琴谱》、每月十五独奏一夜。,尺规、剑、印、琴
姜行露,女,姜行露、玉女宗圣女楼、冰心湖、无垠雪山,玉女宗圣女楼、冰心湖、无垠雪山,少女,清纯娇柔、玉颈纤手、未脱稚气,黑长发自然垂、清澈黑眸、肤白唇粉,月白露肩圣女裙、玉佩、步摇、云履,白绫齐胸、缎带内裙、雪纱睡袍,底色：忘情之道要承师傅衣钵、心如玉女宗的雪山。 辅色1：装无情；下山历练却偷偷收留流浪小狐、回来不敢提。 辅色2：怯师；对清心师叔又敬又怕、怕戒律敬其暗藏的温情。,剑、簪、镜、花
阿娜希塔,女,阿娜希塔、拜火坛、楼兰水脉迷宫、赤焰拜日国王宫,拜火坛、楼兰水脉迷宫、赤焰拜日国王宫,御姐,丰胸宽臀、母性气息、橄榄肤色,黑波浪长发、深褐眸、额贴日月饰,红金露腹祭袍、面纱、高开叉、脚链凉鞋,红绸网纱托胸、阴贴、腿带,底色：火能净化、世间罪孽都可以在圣火前焚去而新生。 辅色1：母性；门内女信徒她都视如女儿般亲手抚育。 辅色2：冷血；祭祀时焚活祭品手不抖、心不软。,鞭、香炉、幡旗、面具
法蒂玛,女,法蒂玛、拜火坛医馆、楼兰废墟、西域商道,拜火坛医馆、楼兰废墟、西域商道,御姐,柔软身段、温柔手势、医者气质,栗发长辫、温柔褐眸、额心一颗水钻,白绿露肩医袍、面纱半遮、药袋斜挂、绣靴,白棉乳贴、蕾丝低腰、薄纱睡袍,底色：医就是圣道、治病救人比一切教义都更接近神。 辅色1：博爱；教内教外、敌我贵贱、救人不问理由。 辅色2：违规；私藏教义所禁的医典、连"血祭活疗"都不肯销毁。,针、瓶、剪、丝线
沈青慈,女,沈青慈、瑶华真君、青鸟门、不周残脊、无垠雪山,青鸟门、不周残脊、无垠雪山,御姐,仙姿绰约、长腿羽姿,青长发盘鸟翎髻、翡翠眸、肤如初雪,翠羽露背法袍、青羽披帛、盘鸟翎簪、云履,青纱齐胸、蕾丝内裙、素青睡袍,底色：女子自主、不问出身年龄、凡为女皆可入青鸟门。 辅色1：执着；每月亲自下山接孤女入门、二十年风雪无阻。 辅色2：包容；负心男修偷养的私子她照常收为内门弟子。,剑、扇、羽毛、翅膀
苏朱凝,女,苏朱凝、玄羽真人、青鸟门、西域商道、玉女宗,青鸟门、西域商道、玉女宗,御姐,颀长身姿、修长腰,玄黑长发、墨眸、右肩青鸟刺青,玄羽露脐紧身劲装、黑羽斗篷、短裤、过膝靴,系带式文胸、低腰内裤、过膝袜,底色：剑要悬在女郎腰间、护妹师姐永远先于护自己。 辅色1：贪睡；表面冷峻、休沐日能从清晨睡到傍晚。 辅色2：记仇；得罪过青鸟门的人她记一辈子、记完会还回去。,剑、刀、羽毛、鞭
林玄青,女,林玄青、朱羽真人、青鸟门、拜火坛、西域商道,青鸟门、拜火坛、西域商道,少女,朱羽灵动、轻盈,朱红长发、青眸、耳挂朱羽,朱青露肩羽袍、轻甲护腹、朱羽耳坠、绣靴,红缎乳贴、缎带内裤、罗袜,底色：剑要快、心要净、念不着相、轻盈胜千钧。 辅色1：撒娇；嘴甜得能哄出师姐的剑材、谁都吃她这套。 辅色2：冷锋；见欺凌弱者瞬间换脸、撒娇的伶俐顷刻变杀机。,剑、匕首、羽毛、铃铛
嬴蘅,女,嬴蘅、羲皇皇宫、承天道门、天门关,羲皇皇宫、承天道门、天门关,少女,端庄温润、皇室仪态,乌发挽宫髻、深黑眸、额贴金箔花钿,玄朱露肩皇室长裙、龙纹腰带、步摇、云履,锦缎齐胸、蕾丝内裙、素白睡袍,底色：皇室生于祖业、承祖祭、守国土是生而为之的事。 辅色1：刚直；表面温润、对劫掠中原的将军敢当庭抨击。 辅色2：好奇；私下偷读敌国黄龙血脉典籍、好奇此龙到底何来。,剑、印、幡旗、龟板
莎丽玛,女,莎丽玛、赤焰拜日国王宫、拜火坛、沙商团驿站,赤焰拜日国王宫、拜火坛、沙商团驿站,少女,性感丰满、火焰般气质,深红长卷发、橘金眸、额贴日轮,红金露肩纱裙、高开叉、脚链舞鞋,红绸网纱托胸、阴贴、腿带,底色：沐日舞蹈不是仪式、是与神相会的真途。 辅色1：热烈；爱憎写在脸上、欢喜了忍不住、痛起来直说。 辅色2：倦怠；私下其实疲于"神王女"角色、渴望寻常少女的自由。,扇、丝带、铃铛、鼓
顾溪寒,女,顾溪寒、玉女宗、冰心湖、无垠雪山,玉女宗、冰心湖、无垠雪山,少女,冷清玉立、长腿玉颈,黑长发束、湖蓝眸、眉间一点霜,浅蓝露肩弟子袍、白丝带束发、百褶裙、绣靴,白绫齐胸、缎带内裙、月白睡袍,底色：忘情即真道、誓做师傅那般的玉女宗中流砥柱。 辅色1：紧绷；律己比清心师叔还死板三分、自律到几乎不动声色。 辅色2：暗恋；佩服某位蓝海眸的天玄剑修、却绝不会承认。,剑、簪、镜、丝线
米塔拉,女,米塔拉、拜火坛圣女楼、赤焰拜日国王宫、楼兰废墟,拜火坛圣女楼、赤焰拜日国王宫、楼兰废墟,少女,柔嫩神圣、纤细少女气,红栗发盘起、橙眸、额贴日盘饰,白红露肩圣女裙、面纱、高开叉、凉鞋,红白网纱托胸、蕾丝低腰、薄纱睡袍,底色：圣火是她全部的归属、献身神道是从小被教导的天职。 辅色1：虔诚；每日晨昏祷告从不间断、连感冒发烧也照做。 辅色2：怯生；面纱下其实极怕生、在生人面前几乎不抬眼。,念珠、香炉、铃铛、面具
墨诗行,女,墨诗行、天玄剑宗、葬剑冢、承天论剑台,天玄剑宗、葬剑冢、承天论剑台,少女,颀长剑姿、清冷,长黑发束高、墨眸、淡眉清相,玄青露脐紧身剑袍、短裙、长剑背负、过膝靴,系带式文胸、低腰内裤、过膝袜,底色：剑要写出诗的味道、出鞘见招也见心、不可只重杀伐。 辅色1：清高；看不上炫技的剑客、只与道心干净的人切磋。 辅色2：执拗；认定一招就练到天明、师兄劝阻都听不进。,剑、笔、扇、琴
白秋禾,女,白秋禾、天玄剑宗、无垠雪山、承天论剑台,天玄剑宗、无垠雪山、承天论剑台,御姐,高挑飒爽、修长剑姿,乌发齐腰、清冷黑眸、肤如初雪,白色露肩剑袍、白银护腕、百褶剑裙、绣靴,白绫齐胸、蕾丝内裙、素白睡袍,底色：剑是清贵之物、不该沾染杂念、握剑者更该自重。 辅色1：清冷；待人有礼却不近、新弟子在她面前不敢喘气。 辅色2：偏心；唯独对一个年纪最小的师妹格外照拂、连她自己都不解。,剑、簪、笛、镜
湘九灵,女,湘九灵、湘灵阁、云梦泽、郢城,湘灵阁、云梦泽、郢城,御姐,巫女之韵、丰腴神秘,黑卷长发、紫眸、额贴九灵纹,紫云露肩半透巫袍、九串玉佩腰链、步摇、云履,紫纱网纱托胸、蕾丝低腰、紫纱睡袍,底色：巫脉传承不能断、九歌之祭是她接过的不能放下的担子。 辅色1：威严；阁内一句话便能让长老噤声、不动声色却无人敢顶撞。 辅色2：孤独；阁主之位坐得久了、连自己都忘了上次开心是什么时候。,铃铛、鼓、幡旗、面具
湘洛凝,女,湘洛凝、湘灵阁、云梦泽、郢城,湘灵阁、云梦泽、郢城,御姐,修长玉颈、九歌神韵,长黑发披、青眸、额心九歌符,青纱露背巫袍、玉笛挂腰、步摇、绣靴,青绫齐胸、缎带内裙、月白薄纱,底色：歌祭是与神灵对话的方式、半分敷衍都是亵渎。 辅色1：敏感；声调一丝不准她便皱眉、连呼吸节奏都听得出。 辅色2：温柔；门下弟子吹错调她从不责骂、只是默默重示范一遍。,笛、铃铛、鼓、幡旗
湘泠玉,女,湘泠玉、湘灵阁、云梦泽、大祀王朝,湘灵阁、云梦泽、大祀王朝,御姐,清冷玉立、纤手玲珑,黑长发束、玉色眸、面色清冷,玉色露肩巫祝袍、玉钏、步摇、云履,白绫齐胸、蕾丝内裙、月白睡袍,底色：占卜要诚、要静、要不带私心、不然神不应答。 辅色1：寡言；阁中议事她常一言不发、点头摇头便是表态。 辅色2：守密；占出的卦象哪怕惊天动地、她也只与阁主一人说。,龟板、镜、铃铛、幡旗
鬼母,女,鬼母、幽冥府、云梦泽、千棺谷,幽冥府、云梦泽、千棺谷,御姐,丰腴熟魅、阴气十足,银白长发、鬼火紫眸、唇色青紫,玄黑露肩鬼袍、招魂铃腰链、高开叉、绣靴,黑绸网纱托胸、蕾丝低腰、黑纱睡袍,底色：生死本无界、亡魂只是另一种活着的人、要敬重要安抚。 辅色1：母性；唤魂时口口声声"我的孩子"、阴气里反带一丝温情。 辅色2：心狠；惹了她的活人她也照样勾魂、不分敌我、说做就做。,铃铛、锁链、幡旗、灯笼
田殊兰,女,田殊兰、五毒教、雨瘴林、百越山,五毒教、雨瘴林、百越山,御姐,蛇腰美臀、肌肤如毒蜜,黑长卷发、毒绿眸、唇朱嘴角一痣,暗紫露肩毒纹长袍、高开叉、毒簪、绣靴,紫纱网纱托胸、阴贴、腿带,底色：毒就是另一种道、用得好可活人无数、用不好才会害人。 辅色1：自信；调毒从不犹豫、十二种毒蛊她闭眼也能配对。 辅色2：偏宠；对蓝幽月格外纵容、是个亲妹妹也不过如此。,簪、瓶、鞭、笼子
蓝幽月,女,蓝幽月、五毒教圣女楼、雨瘴林、云梦泽,五毒教圣女楼、雨瘴林、云梦泽,少女,神秘魅气、纤细纯洁,深蓝长发、紫眸、肤如明月,蓝紫露肩圣女裙、毒蛇饰腰链、步摇、绣靴,蓝绸缎带文胸、蕾丝低腰、蓝纱睡袍,底色：毒道传承等着她接、教主把她当女儿养、她必不能让师母失望。 辅色1：好胜；同辈弟子谁也不能压她、毒法上输一次能记三天。 辅色2：怕痛；炼毒时手指被蛊咬到、瞒着教主自己处理、装没事。,针、镜、花、网兜
佘青丝,女,佘青丝、五毒教灵蛇窟、雨瘴林、楚天南境,五毒教灵蛇窟、雨瘴林、楚天南境,御姐,蛇态婀娜、纤腰,翠绿长辫、青蛇瞳、舌尖如蛇,翠绿蛇皮露脐紧身上、短裙、蛇杖、过膝靴,系带式文胸、低腰内裤、绿纱睡袍,底色：蛇懂蛇、人懂人、她是两边都站半步的人。 辅色1：冷淡；和人说话总像隔着一层、舌尖伸出来才更自然。 辅色2：爱蛇；养的灵蛇受伤她会守一夜、自己受伤却懒得包扎。,鞭、棍、笼子、丝线
詹金蟾,女,詹金蟾、五毒教蟾池、翠玉丘、大祀王朝,五毒教蟾池、翠玉丘、大祀王朝,御姐,丰润妖艳,金黄长发、金蟾瞳、面带金粉,金黄露肩蟾纹袍、蟾佩腰链、步摇、绣靴,金缎乳贴、蕾丝低腰、金纱睡袍,底色：蟾蛊比剑更稳、最毒的东西往往看起来最不像样。 辅色1：贪财；门派分账时锱铢必较、连蟾佩上的金粉都要刮干净。 辅色2：怕水；明明是养蛊池的长老、却最怕被人推下水、不会游泳。,锏、袋子、笼子、瓶
萧无骨,女,萧无骨、千形宗、翠玉丘、雨瘴林,千形宗、翠玉丘、雨瘴林,御姐,媚态诱人、蛇形舞步,黑长发披散、紫眸、面色苍白,紫黑露肩实验袍、皮制配件、绑带、绣靴,紫纱网纱托胸、蕾丝低腰、半透白纱,底色：万物皆可改造、活体只是更高级的素材、没什么不能动手的。 辅色1：冷静；做活体实验时手不抖、对方惨叫她也只是记笔记。 辅色2：贪睡；不实验时她能睡一整天、连下人来催餐也叫不醒。,针、锯、钩爪、锁链
柳青鸾,女,柳青鸾、千形宗、南疆黑市、翠玉丘,千形宗、南疆黑市、翠玉丘,御姐,怪诞媚气、纤腰,青长发盘、青眸、皮肤过白,青色露肩实验袍、改造工具腰带、束腰、绣靴,青绸网纱托胸、阴贴、青纱睡袍,底色：改造是种艺术、把不完美的躯体雕成完美的样子。 辅色1：洁癖；工房里一丝灰尘都受不了、实验袍每日必换。 辅色2：自恋；改造他人之余也改造自己、镜子前能站半个时辰。,剪、针、凿、镜
公输绫,女,公输绫、千形宗、南疆黑市、跨域商道,千形宗、南疆黑市、跨域商道,御姐,冷峻、长腿,黑长发高束、铁灰眸、肌肤冷白,灰青露脐紧身商战袍、绑带、量产图卷、过膝靴,系带式文胸、低腰内裤、灰纱睡袍,底色：量产是种本事、把一件好东西复制一千份才算真正改变世界。 辅色1：冷峻；下属犯错她不骂只看一眼、对方就脊背发凉。 辅色2：节俭；衣食极简、灵石全砸进工坊扩产、一分都不浪费。,弩箭、机巧盒、锤、笼子
龙归芸,女,龙归芸、潜龙渊、十万大山南麓、云梦泽,潜龙渊、十万大山南麓、云梦泽,御姐,龙后气质、丰腴长身,银白长发飘垂、龙紫眸、额心龙鳞印,银鳞露肩龙袍、龙佩腰链、步摇、云履,白绫网纱托胸、蕾丝低腰、白纱龙衣,底色：龙族血脉要纯、要延续、要让族中后辈活得比她这代更好。 辅色1：稳重；议事时声调极平、从不被外人挑衅激怒。 辅色2：愧疚；族中血脉日薄、她自觉是这一代族长之责、夜里常独坐。,剑、鳞片、角、爪子
凰韶音,女,凰韶音、梧桐山、梧桐祭巢、云梦泽,梧桐山、梧桐祭巢、云梦泽,御姐,凤姿绝代、丰胸细腰修长,火红长发拖地、凤眸金色、额心凤纹,火红露肩凤袍、凤羽披帛、凤钗、云履,红缎网纱托胸、蕾丝低腰、红纱凤衣,底色：凰是天下最美的鸟、族长要担得起这份美、也担得起族人寄托。 辅色1：自傲；不愿屈尊跟低位者多言、连道盟联席都要等人来请。 辅色2：护短；族中年轻一辈受了委屈、她会化神之威亲自找上门。,琴、羽毛、翅膀、扇
苏晴韵,女,苏晴韵、青丘、十万大山、云梦泽,青丘、十万大山、云梦泽,御姐,狐媚妖娆、九尾迷人、丰腴,雪白长发、金狐瞳、九尾隐现,银白露肩狐袍、狐皮披风、步摇、绣靴,白纱网纱托胸、蕾丝低腰、月白狐衣,底色：狐族活得长就要活得明白、看穿不如装糊涂、装糊涂里藏锋。 辅色1：慵懒；族中大事多由长老办、她自己常窝在内殿懒得动。 辅色2：识人；表面糊涂、来者三句话内她已摸透对方底牌。,扇、镜、花、铃铛
项妙姬,女,项妙姬、楚天王宫、云梦泽、大祝府,楚天王宫、云梦泽、大祝府,少女,翩跹舞姿、纤腰美臀,乌长发、楚地杏眸、额贴朱钿,楚地露肩宫舞袍、九串玉佩、步摇、凉鞋,朱红缎带文胸、蕾丝内裙、朱纱睡袍,底色：九姬之名不能轻、舞蹈与巫祝都是她生而被许下的责任。 辅色1：活泼；私下蹦跳爱笑、毫无王宫深锁的沉闷。 辅色2：怯婚；惧怕被许给外族修士、夜里偷哭过不止一次。,扇、丝带、铃铛、鼓
殷璇玥,女,殷璇玥、大祀王宫、大祀祖庙、翠玉丘,大祀王宫、大祀祖庙、翠玉丘,少女,圣洁神秘、玉颈,黑长发、青眸、额心纵目符,玄青露肩祭袍、纵目护额、步摇、绣靴,黑缎齐胸、蕾丝内裙、黑纱睡袍,底色：祭祀是与祖宗对话、半分敷衍就是辱没皇室。 辅色1：肃穆；祭坛上从不出错、寒冬腊月跪一整夜也不动。 辅色2：好奇；私下偷读外族典籍、对中原黄龙之事尤其感兴趣。,印、幡旗、钟、面具
龙璇玑,女,龙璇玑、潜龙渊、十万大山南麓、楚天南境,潜龙渊、十万大山南麓、楚天南境,少女,龙裔灵动、轻盈,浅银长发、青眸、额贴龙鳞,青鳞露肩龙女袍、龙佩、步摇、凉鞋,白绫齐胸、缎带内裙、月白薄纱,底色：族中血脉得守、可她更想自由游遍东海、想做没人想过的事。 辅色1：调皮；偷溜出族界是常事、被族长抓回照样下次再溜。 辅色2：心善；遇到落难凡人她肯出手相救、连身份暴露也不在乎。,剑、鳞片、爪子、螺
凤长歌,女,凤长歌、梧桐山、十万大山、楚天南境,梧桐山、十万大山、楚天南境,少女,凤翎舞姿、修长,朱红长发、橙金眸、额贴凤翎,朱红露肩凤袍、凤翎披帛、步摇、绣靴,红缎齐胸、蕾丝内裙、红纱睡袍,底色：族中老一辈担过去的事、她想接过来、不让母亲一个人扛。 辅色1：稳重；说话办事比同龄人多三分老成、长老们都夸她。 辅色2：嫉妒；最在意母亲对妹妹凰千羽的偏爱、却从不表露。,琴、羽毛、翅膀、幡旗
凰千羽,女,凰千羽、梧桐山、梧桐祭巢、云梦泽,梧桐山、梧桐祭巢、云梦泽,萝莉,童颜清丽、纤巧灵动,火红长发束双髻、朱红眸、童颜,火红露脐凤童袍、小翼披帛、百褶短裙、绣靴,系带式乳贴、缎带低腰、红纱童衣,底色：被宠着长大、世界对她都好、她也想用同样的好回报。 辅色1：贪吃；族中小厨房她最熟、什么时间什么点心都门清。 辅色2：粘人；母亲身边赖着不走、长姐凤长歌也常被她缠到躲。,铃铛、羽毛、花、翅膀
苏凝香,女,苏凝香、青丘、十万大山、楚天王朝,青丘、十万大山、楚天王朝,少女,狐媚少女、青春妖娆,银白长发、金狐瞳、雪肌,白纱露肩狐袍、九尾微隐、步摇、云履,白绫齐胸、蕾丝内裙、月白薄纱,底色：狐族媚而不浮、少主当学会用甜笑做事、不必硬碰硬。 辅色1：娇气；走久了就喊累、连族会上都能撒娇请母亲减时。 辅色2：精明；看似娇憨、外族商人在她面前从未占到便宜。,扇、镜、花、丝带
凌绘萱,女,凌绘萱、天衍楼、临渊城、聚仙城,天衍楼、临渊城、聚仙城,御姐,清艳精明、修长,黑长发束、青眸、指染朱砂,玄青露肩符袍、符笔背负、束腰、云履,黑纱网纱托胸、蕾丝内裙、黑纱睡袍,底色：符就是另一种笔、画一道符等于写一份天命。 辅色1：偏执；一道符未画完她不睡、能一坐三天三夜。 辅色2：俏皮；私下其实爱开玩笑、神符司外人面前却装严肃。,笔、印、瓶、镜
许云妙,女,许云妙、天衍楼、临渊城、聚仙城,天衍楼、临渊城、聚仙城,御姐,高挑长腿、淡漠美,黑短发齐肩、灰眸、肤白,玄露脐阵袍、罗盘佩腰链、束腰、绣靴,灰绸齐胸、蕾丝内裤、灰纱睡袍,底色：阵是天地之骨、能看懂阵的人就能看懂这世界的纹路。 辅色1：淡漠；说话不带语气、新弟子常觉得自己被嫌弃。 辅色2：迷宫癖；私下沉迷设阵、家中庭院也被她改成小型迷阵。,棋盘、印、尺规、幡旗
沈沐漪,女,沈沐漪、合欢宗、临渊城、临渊画舫,合欢宗、临渊城、临渊画舫,御姐,巨乳丰臀、玲珑曲线、风情万种,长黑发披瀑、紫眸、胸前桃花痣,深紫半透双修袍、深开胸领、高开叉、玉佩低垂、赤足,紫纱网纱托胸、阴贴、几近透明的薄纱,底色：阴阳是天地之道、双修是借合契调和气机的正法、与淫邪无关。 辅色1：老辣；看人气机一目了然、道侣是否合契、心是否真、她一眼分明。 辅色2：洁癖；修炼室一尘不染、香炉日日新点、宗内私生活散漫者她不留。,镜、瓶、丝带、铃铛
蝶恋花,女,蝶恋花、合欢宗、临渊画舫、聚仙城,合欢宗、临渊画舫、聚仙城,御姐,妩媚妖娆、蜂腰丰胸、香气惑人,紫色长发、桃花眸、左颊一颗泪痣,紫粉露肩半透幻情袍、深开胸领、高开叉、脚链,蝶翼网纱乳贴、阴贴、蝶翼薄纱,底色：神魂双修要彼此真心相付、幻境只是引气调和的法器、不可玩弄人心。 辅色1：戏剧；与道侣共修时全情投入、像在演一场只有两人懂得的戏。 辅色2：抑郁；一场双修过后镜前能枯坐半夜、对方走了她反而失落。,镜、花、粉末、丝带
慕怜心,女,慕怜心、合欢宗圣女楼、临渊画舫、临渊城,合欢宗圣女楼、临渊画舫、临渊城,少女,楚楚可怜、纤细丰胸、含羞带怯,长粉发、桃花眸、樱唇含羞,粉色露肩圣女裙、轻纱披帛、步摇、绣靴,粉绸网纱托胸、蕾丝低腰、粉纱睡袍,底色：圣女之名得来得早、她也未必懂双修真谛、走一步算一步。 辅色1：胆小；第一次正式双修前夜紧张到失眠、宗主反复开导也学不会装从容。 辅色2：依恋；把蝶恋花长老当亲娘一样粘、半步不愿离她身边。,花、镜、丝带、铃铛
岐青黛,女,岐青黛、青囊圣手、琉璃丹宗、流芳岛百药谷、临渊城,琉璃丹宗、流芳岛百药谷、临渊城,御姐,端庄优雅、修长玉颈、玉指轻盈,青黑长发盘髻、墨眸、面色温润,青色露肩丹袍、药袋斜挂、步摇、云履,白绫齐胸、缎带内裙、月白薄纱,底色：丹药是救人的、若有一味丹能多救一条命、她值得不睡。 辅色1：专注；炼丹时世界都消失、连宗门火灾也不能让她离开炉子。 辅色2：偏心；对救过自己的旧人格外关照、丹方都肯送。,葫芦、瓶、香炉、扇
桐绛雪,女,桐绛雪、琉璃丹宗丹堂、流芳岛百药谷、临渊城,琉璃丹宗丹堂、流芳岛百药谷、临渊城,御姐,清丽幽冷、丹气浮香,雪白长发束、绛红眸、眉间丹砂痣,绛红露肩丹堂袍、玉葫芦腰链、步摇、绣靴,红绸网纱托胸、蕾丝内裤、白纱睡袍,底色：丹方是丹师的孩子、每一味药配错都是她的错。 辅色1：苛刻；门下弟子配错一味她当场摔灯笼、能骂半个时辰。 辅色2：怯火；炼丹一辈子却最怕焰火、过节烟花放起她绕道走。,葫芦、瓶、香炉、镜
林蘅芷,女,林蘅芷、琉璃丹宗毒堂、流芳岛、临渊城黑市,琉璃丹宗毒堂、流芳岛、临渊城黑市,御姐,毒美如花、蛇腰美臀,紫黑长发、毒紫眸、嘴角紫痕,紫黑露肩毒袍、毒簪、高开叉、绣靴,紫纱网纱托胸、蕾丝低腰、紫纱睡袍,底色：毒不分善恶、用在恶人身上就是药、用在好人身上就是凶。 辅色1：风趣；讲毒理像讲笑话、能把听众笑出眼泪。 辅色2：黑暗；对仇人毫不留情、用毒折磨人她不眨眼。,瓶、簪、粉末、笼子
俞采苓,女,俞采苓、琉璃丹宗药堂、流芳岛药圃、临渊城,琉璃丹宗药堂、流芳岛药圃、临渊城,御姐,温润如玉、淡淡药香,长青黑发、青眸、面如玉,浅青露肩药袍、采药篓、束腰、云履,月白齐胸、蕾丝内裙、素白睡袍,底色：药从地里长、地脏了药就脏、所以她活得简单干净。 辅色1：温润；门下弟子来请教她从不嫌烦、问几句答几句都耐心。 辅色2：固执；选药圃位置她坚持自己的判断、宗主插嘴都不听。,袋子、剪、瓶、枝条
沧岚真人,女,沧岚真人、蓬莱瀛洲峰、瀛洲虹桥、蓬莱主峰,蓬莱瀛洲峰、瀛洲虹桥、蓬莱主峰,御姐,仙姿玉貌、长腿飘逸,青黑长发飘逸、海蓝眸、肌肤胜雪,海蓝露肩阵袍、薄纱披帛、玉佩、云履,月白齐胸、蕾丝内裙、月白睡袍,底色：阵在心里、心乱了阵就乱、所以要常常静坐养神。 辅色1：清淡；说话像水、永远不大声、连发怒也只是皱眉。 辅色2：贪甜；门下弟子知道送她蜜饯、能换三天免课。,棋盘、印、幡旗、尺规
静玄真人,女,静玄真人、蓬莱方丈峰、蓬莱主峰、瀛洲虹桥,蓬莱方丈峰、蓬莱主峰、瀛洲虹桥,御姐,端庄秀美、长身玉立,玄发挽道髻、青眸、肤白如雪,玄青露肩符道袍、玉冠、束腰、云履,月白齐胸、蕾丝内裙、月白丹袍,底色：丹与符都求一个"静"字、急了什么都做不好。 辅色1：木讷；说话呆滞、一句话能想半个时辰才答。 辅色2：记性差；丹方背过转头就忘、要靠门下弟子提醒。,笔、印、葫芦、瓶
慕璇玑,女,慕璇玑、广寒仙子、广寒宫、霜花岛沉月渊、霜花岛,广寒宫、霜花岛沉月渊、霜花岛,御姐,仙姿冰艳、长腿玉颈、不可亵玩,银白长发拖地、月华银眸、额贴月光钿,月白霜花露肩长裙、薄纱广袖、月光钿、云履,雪纱齐胸、蕾丝内裙、雪纱睡袍,底色：月华是不沾尘的、广寒宫亦不沾男人、女子可以自成天地。 辅色1：清冷；连同辈宫主见她都得正衣冠、不敢轻佻。 辅色2：怀旧；私下藏着一缕极淡的红尘旧情、连姐妹都不知道。,镜、簪、扇、铃铛
苏沐月,女,苏沐月、广寒宫太阴殿、沉月渊、霜花岛,广寒宫太阴殿、沉月渊、霜花岛,御姐,清冷月韵、修长身姿,月白长发垂、青眸、额贴月晶,月青露肩太阴袍、月华印、步摇、云履,月白齐胸、蕾丝内裙、月纱睡袍,底色：月与月华是她的全部、白日做事都觉得多余。 辅色1：嗜睡；白天恹恹的、月起人才精神、宫中作息全围着她调。 辅色2：照顾人；夜里给徒弟盖被子、连人家不在屋里她也要去看一遍。,镜、簪、铃铛、幡旗
凌寒霜,女,凌寒霜、广寒宫冰霜阁、玄冰浮海、霜花岛,广寒宫冰霜阁、玄冰浮海、霜花岛,御姐,冷艳挺拔、剑气逼人,银发盘剑髻、霜白眸、面色冰冷,雪白露脐紧身战袍、冰剑佩、短裙、过膝靴,系带式文胸、低腰内裤、过膝袜,底色：剑是她最忠诚的伙伴、不会背叛、不会撒谎、不会让她失望。 辅色1：好胜；比剑输一招她能在练剑场再练三日不下场。 辅色2：手笨；除了挥剑、连穿衣发髻都不会、宫里有专人替她打理。,剑、簪、镜、铃铛
月怜,女,月怜、广寒宫月华殿、沉月渊、霜花岛,广寒宫月华殿、沉月渊、霜花岛,御姐,温柔慈悲、丰润玉手,月银长发、月光眸、面色温润,月白露肩疗愈袍、玉佩月华、步摇、云履,月纱网纱托胸、蕾丝内裙、月纱睡袍,底色：受伤的人比生病的人更可怜、所以她伸手就要先伸给伤者。 辅色1：心软；连敌方修士躺她面前、她也会先给止血才论敌我。 辅色2：眼浅；治不好的伤者她会陪着哭、哭得比病人还伤心。,瓶、针、丝线、铃铛
白霜儿,女,白霜儿、广寒宫圣女楼、霜花岛、沉月渊,广寒宫圣女楼、霜花岛、沉月渊,少女,清纯雪白、楚楚可怜,雪白长发、霜白眸、唇色淡,雪白露肩圣女裙、霜花披帛、步摇、云履,白绫齐胸、缎带内裙、雪纱睡袍,底色：圣女只要保持心境干净、不为任何浊事所扰、其他自有师姐操心。 辅色1：娇小；体力差、跟同辈练剑半个时辰就喘、被师姐照顾惯了。 辅色2：黏师；与月怜长老最亲、走哪儿都要跟、月怜哄她吃药如哄孩子。,簪、镜、花、铃铛
应清浅,女,应清浅、临渊城拍卖行、临渊画舫、临渊城港口,临渊城拍卖行、临渊画舫、临渊城港口,御姐,精明商韵、修长玲珑,长青黑发盘、墨眸、唇朱有度,青锦露肩商袍、玉算盘腰链、束腰、绣靴,青绸网纱托胸、蕾丝内裙、青纱睡袍,底色：拍卖行做的是信息生意、看东西不重要、看人才重要。 辅色1：精算；一眼能估出客人的口袋、底价高出三成她也能撬。 辅色2：藏私；自己看上的好东西她暗中买下、连副手都不告诉。,袋子、印、镜、扇
闻人萸,女,闻人萸、聚仙城坊市、聚仙城拍卖行、临渊城,聚仙城坊市、聚仙城拍卖行、临渊城,少女,灵动伶俐、目光如电,黑短发齐颈、墨眸、戴单边鉴宝镜,灰青露脐紧身散修袍、鉴宝包、短裙、绣靴,系带式文胸、低腰内裤、短袜,底色：散修活得自在、不靠门派、不欠人情、看东西也只看东西本身。 辅色1：嘴毒；伪货当面拆穿、商人脸面挂不住她也不留情。 辅色2：眼软；遇到真有眼光却穷的散修、她肯免费帮鉴定。,镜、尺规、袋子、匕首
扶曜·绫姬,女,扶曜、绫姬、扶桑城神社、扶桑城、列星海,扶桑城神社、扶桑城、列星海,御姐,修长剑姿、东瀛风韵,黑长直发披、墨眸、樱唇朱艳,朱白露肩巫女剑装、长刀别腰、高开叉、赤足木屐,白绫齐胸、缎带内裤、白色单衣,底色：神社的剑是用来护神社的、不该出鞘换名利。 辅色1：礼数；每见生人必先鞠躬、连刀别腰时也讲究分寸。 辅色2：嗜战；剑出鞘后眼神瞬间转锐、平时再温顺也压不住。,刀、扇、铃铛、面具
阮蛛娘,女,阮蛛娘、珠崖城渔港、碧落珊瑚海、珠崖城,珠崖城渔港、碧落珊瑚海、珠崖城,少女,半鱼人柔韧、修长腿,青长发湿润、海蓝眸、颈侧鳃痕,蓝绿露脐渔人短装、采珠铜刀、短裤、赤足,系带式文胸、低腰内裤、过膝袜,底色：海给的东西不可贪、采一颗够吃就够、剩下留给后辈。 辅色1：朴实；和人讲价不会拐弯、给多少卖多少、被宰也不吵架。 辅色2：恋海；岸上待久会蔫、半天不沾水她就脸色发白。,网兜、刀、螺、钩爪
珊瑚·碧霓,女,珊瑚、碧霓、碧落珊瑚海珊瑚宫、珠崖城、鱼人歌会,碧落珊瑚海珊瑚宫、珠崖城、鱼人歌会,少女,海族美人、人鱼曲线,翠绿长发飘海、碧瞳、耳侧鳃饰,珊瑚露肩纱裙、珍珠繁饰、步摇、赤足脚链,网纱齐胸、缎带阴贴、海蓝薄纱,底色：海族活在水里、人族活在岸上、她想把两边联起来、不当谁的工具。 辅色1：好奇；陆上一切新奇玩意她都肯学、连凡人小吃也尝。 辅色2：怕响；从未离开珊瑚宫的安静、听见鞭炮她能哭半天。,螺、琴、铃铛、丝带
顾月华,女,顾月华、蓬莱主峰、瀛洲虹桥、临渊城,蓬莱主峰、瀛洲虹桥、临渊城,御姐,长腿玉立、飘逸,月白长发束、海蓝眸、面色清丽,浅蓝露肩弟子袍、剑佩、束腰、云履,月白齐胸、蕾丝内裙、月白睡袍,底色：师妹师弟比自己重要、做大师姐就该把自己排在最后。 辅色1：操心；同门有事她跑前跑后、连别峰的弟子也来求她。 辅色2：贪睡；白天累得倒下、睡着了八级雷霆都叫不醒。,剑、扇、印、铃铛
宋蝉衣,女,宋蝉衣、合欢宗、临渊画舫、临渊城,合欢宗、临渊画舫、临渊城,少女,楚楚动人、纤腰玉颈,淡紫长发、桃花眸、肤白如蝉翼,淡紫露肩弟子袍、半敞胸领、高开叉、绣靴,紫纱网纱托胸、蕾丝内裤、蝉翼薄衣,底色：师傅蝶恋花教过她——人之欢愉是天然的、不必觉得羞耻。 辅色1：好学；与道侣共修偷偷观察对方反应、记下哪种调息节奏最稳、私下做笔记。 辅色2：脸薄；明明是合欢宗弟子、被路人调笑一句却脸红到耳根。,镜、花、丝带、扇
卓青砚,女,卓青砚、琉璃丹宗丹堂、流芳岛百药谷、临渊城,琉璃丹宗丹堂、流芳岛百药谷、临渊城,萝莉,童颜灵动、小巧,黑发双髻、青眸、面颊圆润,浅青露脐丹童袍、药袋小挎、短裙、绣靴,缎带乳贴、低腰内裤、白丝袜,底色：师傅说她有天赋、她就拼命学、不让师傅失望是头等大事。 辅色1：刻苦；半夜还守炉读丹书、师傅赶她睡她都不肯走。 辅色2：嘴馋；炼丹剩的下脚料她偷偷吃、被发现也不知道认错。,葫芦、瓶、香炉、扇
白鹿汀,女,白鹿汀、广寒宫、霜花岛沉月渊、霜花岛,广寒宫、霜花岛沉月渊、霜花岛,少女,清冷月韵、纤细修长,雪白长发、霜白眸、肌肤胜雪,雪青露肩弟子袍、月华佩、束腰、云履,雪纱齐胸、蕾丝内裙、雪纱睡袍,底色：月修是种慢功夫、每天进步一点、十年自有大成。 辅色1：安静；一天能不说一句话、独自看月色就够了。 辅色2：暗执；私下其实想超过同辈所有人、第一名才能配她的努力。,镜、簪、铃铛、笛
洛雪铃,女,洛雪铃、问道仙宗、问道山、望仙城,问道仙宗、问道山、望仙城,少女,清丽脱俗、修长玉颈、玉指,雪青长发、清澈青眸、额心一点白霜,雪青露肩圣女裙、玉佩、步摇、云履,白绫齐胸、蕾丝内裙、月白薄纱,底色：圣女不是头衔、是责任、宗中弟子比自己重要。 辅色1：温柔；说话总是软软的、连骂弟子都像在哄。 辅色2：自疑；偷偷觉得自己不够格、夜里常担心配不上"圣女"二字。,铃铛、剑、簪、镜
林素水,女,林素水、问道仙宗万法峰、问道山、望仙城,问道仙宗万法峰、问道山、望仙城,御姐,万法雍容、修长,长黑发束高、墨眸、面色温润,黑青露肩万法袍、八卦佩、束腰、云履,月白齐胸、蕾丝内裙、月白薄纱,底色：万法可修不等于什么都修、心中有一把秤、什么道该学一目了然。 辅色1：博览；杂学比专家还深、聊起任何道法都能对上几句。 辅色2：好茶；每日不喝三盏不舒服、连论道也要边斟边讲。,印、棋盘、笔、扇
柳青芜,女,柳青芜、问道仙宗翠珏峰、问道山、望仙城,问道仙宗翠珏峰、问道山、望仙城,御姐,翠秀玉立、纤细,青黑长发披、青眸、面色温润,翠青露肩峰主袍、玉佩、步摇、云履,月白齐胸、蕾丝内裙、月白睡袍,底色：道法千万种、不必强争对错、留点余地给别人也给自己。 辅色1：温和；门下犯错她不动怒、笑着把人引回正路。 辅色2：藏锋；论道时悄无声息、说一句往往切中要害、对手才知她深。,扇、笔、印、镜
何虚静,女,何虚静、问道仙宗玄衍峰、问道山、望仙城,问道仙宗玄衍峰、问道山、望仙城,御姐,清冷玄妙、长身玉立,黑长发束、紫眸、面色清冷,玄青露肩衍袍、阵盘佩、束腰、绣靴,黑纱网纱托胸、蕾丝内裙、黑纱睡袍,底色：阵法是天地之纹、看懂阵就看懂了运行天地的那一只手。 辅色1：冷僻；不喜与人交往、独居玄衍峰一住三十年。 辅色2：嗜阵；连吃饭睡觉的桌椅床榻都暗藏阵眼、踏错一格就要重摆。,棋盘、印、尺规、幡旗
谢聆语,女,谢聆语、问道仙宗交心峰、问道山、望仙城,问道仙宗交心峰、问道山、望仙城,少女,温柔聆听、纤细玉手,长黑发、清眸、唇红浅笑,浅蓝露肩峰主袍、护心玉佩、步摇、云履,白绫齐胸、缎带内裙、月白睡袍,底色：能听才能解、人之所苦多在无人愿听、她就做那个肯听的。 辅色1：耐心；门下弟子诉苦一坐三个时辰、她也不催不打断。 辅色2：失眠；听别人心事太多、自己睡前脑子里塞满未解的结。,琴、铃铛、镜、丝线
苏绮绮,女,苏绮绮、玉锻仙子、萝武门擎天殿、灼华池、问道山,萝武门擎天殿、灼华池、问道山,萝莉,童颜小巧、精瘦坚实、隐藏紧致腰臀,银发齐颈双马尾、橙金眸、童颜雪肌,玉色露脐紧身掌门袍、白丝带束发、短裤、绣靴,系带式乳贴、低腰内裤、白丝袜,底色：力胜万法、肉身才是修者的根、其他都是辅助。 辅色1：严苛；门下弟子练功偷懒她罚得最重、连掌门级也不留情。 辅色2：童心；私下其实爱玩拼图、能为一块缺片找半个月。,拳套、锤、棍、铲
谢小磬,女,谢小磬、萝武门、万重瀑、灼华池,萝武门、万重瀑、灼华池,萝莉,童颜紧实身材、精瘦肌肉,黑短发齐颈、青眸、面颊圆润,浅青露脐锻骨袍、护腕、短裤、绑腿、绣靴,缎带乳贴、低腰内裤、白丝袜,底色：骨头比剑硬、肉身锻到极致就是最好的法宝、不必外求。 辅色1：执着；每日固定加练三百斤举石、风雪雷电从不打折。 辅色2：嘴硬；摔伤了硬说没事、被掌门发现真伤才低头去敷药。,拳套、棍、磬、锤
黎甘棠,女,黎甘棠、萝武门养元脉、灼华池、百药峰,萝武门养元脉、灼华池、百药峰,萝莉,童颜温柔、丰润小巧,长棕发束、橙眸、面颊带笑,桃粉露肩养元袍、药袋斜挂、百褶短裙、绣靴,缎带文胸、蕾丝低腰、桃纱睡袍,底色：肉身能锻、气血也得养、伤到根本就再难补、所以她管这些。 辅色1：温柔；门下伤者她亲自调药、连大师姐受伤都来找她。 辅色2：贪甜；调药时偷舀蜂蜜入口、被发现脸红到耳根。,瓶、针、丝线、葫芦
白蕊弦,女,白蕊弦、萝武门、熔岩窟、灼华山口,萝武门、熔岩窟、灼华山口,萝莉,童颜灵动、敏捷小巧,银发齐肩双马尾、紫眸、面色俏皮,浅紫露脐战技袍、绷带护腕、短裤、过膝袜、绣靴,系带式乳贴、低腰内裤、白丝袜,底色：力气大不代表能赢、招式比力气重要、巧打才是真本事。 辅色1：好斗；门内切磋她从不缺席、连掌门都被她缠着比过两回。 辅色2：暴躁；输了就摔东西、隔天自己去掌门那里认错。,拳套、鞭、匕首、铃铛
窥微,女,窥微、星蚀宗万瞳殿、七曜连峰、铸鼎城,星蚀宗万瞳殿、七曜连峰、铸鼎城,御姐,妖艳魅惑、修长妖躯,紫黑长发拖地、紫黑异瞳、眼下星纹刺青,玄紫半透长袍、深开胸领、高开叉、双瞳袒露、脚链,紫黑网纱托胸、阴贴、紫黑薄纱,底色：星彼端的眼是真理、看穿凡人之心是她现在的乐趣。 辅色1：冷漠；亲手宰人毫无波澜、把对方心思扒出来当玩具。 辅色2：好奇；对未见过的"真心"格外感兴趣、有时会留人不杀只为多看几眼。,镜、针、面具、锁链
蚀光,女,蚀光、星蚀宗璇玑台、七曜连峰、铸鼎城,星蚀宗璇玑台、七曜连峰、铸鼎城,御姐,邪美修长、骨削身姿,银白长发披、星辰紫眸、唇紫,玄黑露肩星纹袍、虚空配饰、束腰、云履,黑纱网纱托胸、蕾丝低腰、黑纱睡袍,底色：虚空里的东西比这世界更迷人、施法时她总像在向更深处听。 辅色1：恍惚；常神游天外、说话说一半就停下、再继续时已是另一个话题。 辅色2：贪法；遇见从未见过的虚空异术她会跨域追、连本宗任务也丢。,面具、锁链、印、灯笼
妩烟,女,妩烟、星蚀宗、铸鼎城、胜天城,星蚀宗、铸鼎城、胜天城,御姐,万种媚态、丰胸蛇腰翘臀、肌肤如玉、四肢柔嫩,长金红卷发垂、橙红妖瞳、左乳上方欲花刺青,朱红半透长袍、深开胸领、高开叉、赤足脚链,红绫网纱乳贴、阴贴、几近赤裸,底色：欲望是人最大的弱点、撬开就能让对方变成她的奴。 辅色1：狡媚；一颦一笑都带钩、连化神都不敢久看她一眼。 辅色2：寂寞；操控了无数人之后、却发现没人真心爱她、夜里独坐发呆。,丝线、镜、花、铃铛
阮卿颜,女,阮卿颜、北辰学宫、胜天城、望仙城,北辰学宫、胜天城、望仙城,御姐,端庄雍容、修长玉颈,黑发挽宫髻、青眸、肤白,玄青露肩宫主官袍、白玉冠、束腰、云履,月白齐胸、蕾丝内裙、月白睡袍,底色：教育是国之根本、她不愿一代孩子读不上书、所以肯熬。 辅色1：操劳；每日批阅学子文章到深夜、连宫人劝她也不肯停。 辅色2：偏护；对寒门子弟格外照拂、自掏腰包补他们灵石不够的部分。,笔、印、尺规、扇
莫愧言,女,莫愧言、镇魔司卷宗阁、胜天城、镇魔司分司,镇魔司卷宗阁、胜天城、镇魔司分司,御姐,清秀文静、纤纤玉手,黑长发束、清眸、面带书卷气,灰青露肩文书袍、笔墨腰链、束腰、绣靴,灰绸齐胸、蕾丝内裙、素白睡袍,底色：卷宗记的是别人犯过的错、她要替每个名字守住公道。 辅色1：细致；一份案卷查三遍才肯归档、连标点都不放过。 辅色2：怯人；面对生人会脸红结巴、只有面对纸笔才坦然。,笔、印、尺规、灯笼
顾昭宁,女,顾昭宁、乾元女帝、胜天城金殿、太庙、问道山,胜天城金殿、太庙、问道山,御姐,帝王雍容、长腿玉胸、龙凤之姿,黑长发盘龙髻、金黄眸、额心黄龙印,黑金露肩龙袍、十二旒冕、高开叉、云履,金缎网纱托胸、蕾丝低腰、黄纱睡袍,底色：以一身龙气换天下安、苍生苦于天魔之乱、她不允许自己懈怠。 辅色1：决断；朝堂上雷厉风行、奏报压顶却面色不改。 辅色2：溺妹；对皇妹顾长宁是唯一允许自己卸下铠甲的人、柔软全在那里。,剑、印、鳞片、幡旗
顾长宁,女,顾长宁、胜天城、北辰学宫、望仙城,胜天城、北辰学宫、望仙城,少女,皇室娇媚、纤腰,黑长发、金眸、额贴金箔花钿,玄金露肩宗室长裙、明珠披帛、步摇、绣靴,金缎齐胸、蕾丝内裙、黄纱睡袍,底色：皇妹之名靠姐姐撑着、她想为姐姐分担、不想只做被宠的人。 辅色1：娇憨；表面爱笑爱闹、像个不知世事的公主。 辅色2：心思深；偷偷在学朝政之事、夜里读姐姐没读完的奏折。,扇、笔、簪、镜
沈瑶秋,女,沈瑶秋、胜天城内宫、太庙、胜天城,胜天城内宫、太庙、胜天城,少女,端方贴心、纤细,黑发挽双髻、温润黑眸、面白唇粉,浅黄露肩宫女装、玉佩、步摇、绣靴,缎带文胸、蕾丝内裤、素白睡袍,底色：女帝累、宫人就要勤、她做的每一件小事都是为了让女帝能多睡一刻。 辅色1：细心；女帝今日皱了几次眉她都数得清。 辅色2：守口；宫中再大的秘密她也带进坟、连同伴都套不出半个字。,簪、镜、丝线、瓶
阿团,女,阿团、萝武门擎天殿、灼华池、百药峰,萝武门擎天殿、灼华池、百药峰,萝莉,童颜稚气、圆润可爱,黑发双丸子、墨眸、面颊圆润带婴儿肥,灰布露脐外门服、小药袋、短裤、短袜、绣靴,绷带乳贴、低腰内裤、白丝袜,底色：师姐们都对她好、所以她也想变厉害、不让师姐们失望。 辅色1：贪吃；师姐去执行任务总记得给她带点心、吃前会傻笑半天。 辅色2：怕黑；外门宿舍夜里要点灯睡、停电会跑去师姐床上挤。,拳套、棍、灯笼、铃铛
程萤萤,女,程萤萤、萝武门、万重瀑、灼华山口,萝武门、万重瀑、灼华山口,萝莉,童颜灵动、小巧紧实,棕发束齐肩、琥珀眸、笑靥可亲,浅蓝露脐内门袍、护腕、百褶短裙、绣靴,缎带乳贴、低腰内裤、白丝袜,底色：内门入选不容易、她要拼命练、不能让评议的师傅后悔。 辅色1：刻苦；天没亮就起床练拳、连同期都被她带得不敢偷懒。 辅色2：嘴笨；练得好却说不出感想、被问招式心得只会憋红脸。,拳套、棍、锤、匕首
谢素卿,女,谢素卿、问道仙宗外门、望仙城、问道山,问道仙宗外门、望仙城、问道山,少女,朴素清丽、玉颈,黑长发束、清眸、不施粉黛,灰青露肩外门弟子袍、藤剑、束腰、绣靴,白绫齐胸、蕾丝内裙、素白睡袍,底色：靠师姑入门她不甘心、要靠自己的本事挣到内门。 辅色1：要强；同期里她永远是最早到、最晚走的、不肯掉队。 辅色2：避亲；师姑谢聆语想关照她、她总借故躲开、怕被同门说闲话。,剑、鞭、匕首、印
卫鸾娘,女,卫鸾娘、通济城、通济画舫、灵花平畴,通济城、通济画舫、灵花平畴,御姐,商韵华贵、丰胸翘臀,红棕长发盘、墨眸、唇红,锦缎露肩华商装、金钿满头、高开叉、绣靴,红绸网纱托胸、蕾丝低腰、红纱睡袍,底色：商人是把灵石变多的人、灵石多了百姓才有活路、不能光想自己。 辅色1：圆滑；与南风国大使谈生意能笑着把对方让出五成利。 辅色2：嗜赌；私下迷小赌、画舫桌上总能见她、却从未输过大本钱。,袋子、扇、镜、铃铛
苏湘霓,女,苏湘霓、望仙城画舫、望仙城、问道山外坊市,望仙城画舫、望仙城、问道山外坊市,御姐,风韵绰约、玉指琴音,黑长发披、桃花眸、唇朱,锦缎露肩艺师装、香囊低垂、高开叉、脚链,半透网纱乳贴、阴贴、薄纱睡袍,底色：琴是手艺、艺人是匠人、把曲子弹好就对得起来听的人。 辅色1：清傲；从不为劣客弹半首、银子再多也不收。 辅色2：寡言；下台后几乎不说话、舫上同伴说她像换了个人。,琴、扇、袋子、丝带
段无颜,女,段无颜、镇魔司、七曜连峰边境、铸鼎城外,镇魔司、七曜连峰边境、铸鼎城外,御姐,飒爽身姿、修长长腿,黑短发利落、灰眸、右颊一道刀疤,玄黑露脐紧身镇魔甲、长刀别腰、短裙、过膝靴,系带式文胸、低腰内裤、过膝袜,底色：邪修每多一个、凡人就多一座坟、所以她不留情。 辅色1：飒爽；下刀干脆、连副手都跟不上她的节奏。 辅色2：怕鬼；缉拿魔修毫无惧色、夜里一个人却不敢睡熄灯。,刀、锁链、印、灯笼
阮琢玉,女,阮琢玉、北辰学宫、胜天城、镇魔司,北辰学宫、胜天城、镇魔司,少女,文静可人、纤腰,黑发齐肩、墨眸、眉间一点墨痣,浅青露肩学生袍、书袋斜挎、百褶裙、绣靴,白绫齐胸、缎带内裙、素白睡袍,底色：宫主是姑姑、可她要靠自己的成绩才能配得上这关系。 辅色1：勤学；课业从不偷懒、连选修都修满分。 辅色2：好奇；对镇魔司的工作格外好奇、毕业想去那里实习、却怕姑姑不许。,笔、剑、印、尺规
沉雾,女,沉雾、雾锁灵木泽林、木灵河神苇寨、沉雾药庐,雾锁灵木泽林、木灵河神苇寨、沉雾药庐,少女,半妖灵动、轻盈赤足,浅灰长发飘渺、灰青雾瞳、雾气缭绕,灰纱露肩半透薄衣、腰悬木佩、赤足,灰绫齐胸、蕾丝内裙、灰纱睡袍,底色：雾泽是她的家、河神是她的父、她活着就是为了守住这一片。 辅色1：轻盈；连说话都像雾、外人常听不清她在说什么。 辅色2：警觉；陌生人入境她能在三里外感知、心情瞬间变冷。,枝条、木头、竹子、网兜
卓回烟,女,卓回烟、中州沃野、胜天城、试玉殿,中州沃野、胜天城、试玉殿,御姐,剑姿飒爽、长腿,黑长发束马尾、墨眸、左颊朱砂痣,玄青露脐紧身剑客劲装、长剑斜挂、短裙、过膝靴,系带式文胸、低腰内裤、过膝袜,底色：散修不靠门派靠剑、看不过去的事她管、管完就走。 辅色1：豪爽；接镖时一口价、绝不还价、酒桌上能与汉子拼三坛。 辅色2：藏情；表面什么人都看得开、心底却记着某个许诺过的人。,剑、刀、葫芦、匕首
凌战娇,女,凌战娇、铸鼎城、七曜山麓、中原西陲,铸鼎城、七曜山麓、中原西陲,少女,少女妖艳、纤细,紫黑长发披、紫红异瞳、额心魔纹,黑红露脐战袍、战甲护胸、短裙、过膝靴,紫黑网纱托胸、缎带阴贴、过膝袜,底色：父王说凡人当反抗修士、她就反抗、连自己被操控都不知道。 辅色1：狂热；战阵上像不要命、一身染血也不退、信念压过求生。 辅色2：缝隙；偶尔会愣神、像有一片记忆要醒过来、却又被压下去。,剑、鞭、锁链、面具
